{
  "accuracy": 0.8808,
  "precision_macro": 0.8793871696166067,
  "recall_macro": 0.8790200746633425,
  "f1_macro": 0.8790710349903549,
  "train_time_sec": 6.351165457977913,
  "pred_time_sec": 0.012799209041986614,
  "classification_report": "              precision    recall  f1-score   support\n\n           0       0.93      0.93      0.93       986\n           1       0.95      0.97      0.96      1125\n           2       0.87      0.85      0.86       999\n           3       0.87      0.85      0.86      1020\n           4       0.87      0.87      0.87       975\n           5       0.84      0.82      0.83       902\n           6       0.89      0.91      0.90       982\n           7       0.92      0.91      0.91      1042\n           8       0.85      0.83      0.84       975\n           9       0.81      0.85      0.83       994\n\n    accuracy                           0.88     10000\n   macro avg       0.88      0.88      0.88     10000\nweighted avg       0.88      0.88      0.88     10000\n",
  "model_name": "DecisionTree",
  "best_params": {
    "criterion": "entropy",
    "max_depth": 15,
    "min_samples_split": 2
  }
}