{
  "accuracy": 0.5359,
  "precision_macro": 0.6690673621824809,
  "recall_macro": 0.5283266615664397,
  "f1_macro": 0.47535538455824244,
  "train_time_sec": 0.09075366699835286,
  "pred_time_sec": 0.04225733404746279,
  "classification_report": "              precision    recall  f1-score   support\n\n           0       0.68      0.92      0.78       986\n           1       0.80      0.95      0.87      1125\n           2       0.88      0.22      0.35       999\n           3       0.72      0.24      0.36      1020\n           4       0.84      0.12      0.21       975\n           5       0.48      0.02      0.05       902\n           6       0.71      0.91      0.79       982\n           7       0.93      0.26      0.40      1042\n           8       0.26      0.71      0.38       975\n           9       0.40      0.94      0.56       994\n\n    accuracy                           0.54     10000\n   macro avg       0.67      0.53      0.48     10000\nweighted avg       0.67      0.54      0.48     10000\n",
  "model_name": "GaussianNB"
}