{
  "accuracy": 0.9483,
  "precision_macro": 0.9486689893851725,
  "recall_macro": 0.9475744123901378,
  "f1_macro": 0.9478384918271197,
  "train_time_sec": 0.025006958981975913,
  "pred_time_sec": 2.3708038339973427,
  "classification_report": "              precision    recall  f1-score   support\n\n           0       0.97      0.99      0.98       986\n           1       0.97      0.99      0.98      1125\n           2       0.97      0.94      0.95       999\n           3       0.93      0.95      0.94      1020\n           4       0.96      0.92      0.94       975\n           5       0.94      0.93      0.93       902\n           6       0.96      0.98      0.97       982\n           7       0.93      0.93      0.93      1042\n           8       0.97      0.91      0.94       975\n           9       0.89      0.93      0.91       994\n\n    accuracy                           0.95     10000\n   macro avg       0.95      0.95      0.95     10000\nweighted avg       0.95      0.95      0.95     10000\n",
  "model_name": "KNN",
  "best_k": 3,
  "best_validation_accuracy": 0.95,
  "k_values": [
    1,
    3,
    5,
    7,
    9,
    11,
    15,
    20
  ],
  "validation_scores": [
    0.9481,
    0.95,
    0.9497,
    0.9488,
    0.9462,
    0.9444,
    0.9415,
    0.9389
  ]
}